guide_slug,slot_id,slot_label,status,current_product_id,current_product_name,current_asin,current_amazon_url,current_image_url,current_tier,current_price,research_query,candidate_asin,candidate_name,candidate_image_url,candidate_price,notes
camping-for-beginners,TENT,Tent,EMPTY,,,,,,,,best family tent first-time camping,,,,,Needs research — fill candidate_* columns
camping-for-beginners,SLEEP_BAG,Sleeping bag,EMPTY,,,,,,,,best 3-season sleeping bag car camping,,,,,Needs research — fill candidate_* columns
camping-for-beginners,SLEEP_SURFACE,Sleep surface,EMPTY,,,,,,,,best sleeping pad family car camping,,,,,Needs research — fill candidate_* columns
camping-for-beginners,STOVE,Stove,EMPTY,,,,,,,,best 2 burner propane stove car camping,,,,,Needs research — fill candidate_* columns
camping-for-beginners,COOLER,Cooler,EMPTY,,,,,,,,best cooler for car camping family,,,,,Needs research — fill candidate_* columns
camping-for-beginners,LIGHTING,Lighting,EMPTY,,,,,,,,best camping lantern beginner,,,,,Needs research — fill candidate_* columns
camping-for-beginners,CHAIR,Chair,EMPTY,,,,,,,,best camping chair family,,,,,Needs research — fill candidate_* columns
camping-for-beginners,KID_GEAR,Kid-specific gear,EMPTY,,,,,,,,kids camping gear sleeping bag headlamp,,,,,Needs research — fill candidate_* columns
camping-for-beginners,SAFETY,Safety / first aid,EMPTY,,,,,,,,best first aid kit camping family,,,,,Needs research — fill candidate_* columns
camping-in-a-heatwave,TENT,Tent,FILLED,fwc-tent-sundome,Coleman Sundome 4-Person,B0D7QHY574,https://www.amazon.com/dp/B0D7QHY574?tag=trailsteadgui-20,https://images-na.ssl-images-amazon.com/images/P/B0D7QHY574.01.L.jpg,budget,~$116,best family tent first-time camping,,,,,
camping-in-a-heatwave,SLEEP_BAG,Sleeping bag,EMPTY,,,,,,,,best 3-season sleeping bag car camping,,,,,Needs research — fill candidate_* columns
camping-in-a-heatwave,SLEEP_SURFACE,Sleep surface,EMPTY,,,,,,,,best sleeping pad family car camping,,,,,Needs research — fill candidate_* columns
camping-in-a-heatwave,STOVE,Stove,FILLED,fwc-stove-coleman-1burner,Coleman 1-Burner Propane Stove,B0009PUR5E,https://www.amazon.com/dp/B0009PUR5E?tag=trailsteadgui-20,https://m.media-amazon.com/images/I/81aj95-ouRL._AC_SL1500_.jpg,budget,~$40,best 2 burner propane stove car camping,,,,,
camping-in-a-heatwave,COOLER,Cooler,FILLED,fwc-cooler-rolling,Coleman Classic Rolling Cooler,B08LMVJJ9Q,https://www.amazon.com/dp/B08LMVJJ9Q?tag=trailsteadgui-20,"https://m.media-amazon.com/images/S/aplus-media-library-service-media/6a95b9ce-ba2f-46da-a5f8-82593670f6eb.__CR0,0,1464,600_PT0_SX1464_V1___.png",mid-range,~$107,best cooler for car camping family,,,,,
camping-in-a-heatwave,LIGHTING,Lighting,FILLED,fwc-lantern-consciot,Consciot LED Camping Lantern (2-pack),B082HD5JDH,https://www.amazon.com/dp/B082HD5JDH?tag=trailsteadgui-20,https://m.media-amazon.com/images/I/71ATGzY0CUL._AC_SL1500_.jpg,budget,~$30,best camping lantern beginner,,,,,
camping-in-a-heatwave,LIGHTING,Lighting,FILLED,headlamp-family,Black Diamond Spot 400,B09NQK2581,https://www.amazon.com/dp/B09NQK2581?tag=trailsteadgui-20,https://m.media-amazon.com/images/I/81sGcNXb1eL._AC_SL1500_.jpg,mid-range,~$50,best camping lantern beginner,,,,,
camping-in-a-heatwave,CHAIR,Chair,FILLED,fwc-chair-gci-rocker,GCI Outdoor Freestyle Rocker,B00D4JYR62,https://www.amazon.com/dp/B00D4JYR62?tag=trailsteadgui-20,https://m.media-amazon.com/images/I/71O4-VrNP3L._AC_SL1000_.jpg,mid-range,~$80,best camping chair family,,,,,
camping-in-a-heatwave,CANOPY,Canopy / shade,FILLED,canopy-camp,CORE 10×10 Instant Pop-Up Canopy,B01E45EYJY,https://www.amazon.com/dp/B01E45EYJY?tag=trailsteadgui-20,https://m.media-amazon.com/images/I/610Y31VdNIL._AC_.jpg,,~$130,best pop up canopy camping shade,,,,,
camping-in-a-heatwave,HOT_GEAR,Hot-weather gear,EMPTY,,,,,,,,best tent fan summer camping,,,,,Needs research — fill candidate_* columns
camping-in-a-heatwave,KID_GEAR,Kid-specific gear,EMPTY,,,,,,,,kids camping gear sleeping bag headlamp,,,,,Needs research — fill candidate_* columns
camping-in-a-heatwave,SAFETY,Safety / first aid,EMPTY,,,,,,,,best first aid kit camping family,,,,,Needs research — fill candidate_* columns
camping-in-california-for-beginners,TENT,Tent,FILLED,fwc-tent-sundome,Coleman Sundome 4-Person,B0D7QHY574,https://www.amazon.com/dp/B0D7QHY574?tag=trailsteadgui-20,https://images-na.ssl-images-amazon.com/images/P/B0D7QHY574.01.L.jpg,budget,~$116,best family tent first-time camping,,,,,
camping-in-california-for-beginners,SLEEP_BAG,Sleeping bag,EMPTY,,,,,,,,best 3-season sleeping bag car camping,,,,,Needs research — fill candidate_* columns
camping-in-california-for-beginners,SLEEP_SURFACE,Sleep surface,EMPTY,,,,,,,,best sleeping pad family car camping,,,,,Needs research — fill candidate_* columns
camping-in-california-for-beginners,STOVE,Stove,FILLED,fwc-stove-coleman-1burner,Coleman 1-Burner Propane Stove,B0009PUR5E,https://www.amazon.com/dp/B0009PUR5E?tag=trailsteadgui-20,https://m.media-amazon.com/images/I/81aj95-ouRL._AC_SL1500_.jpg,budget,~$40,best 2 burner propane stove car camping,,,,,
camping-in-california-for-beginners,COOLER,Cooler,FILLED,fwc-cooler-rolling,Coleman Classic Rolling Cooler,B08LMVJJ9Q,https://www.amazon.com/dp/B08LMVJJ9Q?tag=trailsteadgui-20,"https://m.media-amazon.com/images/S/aplus-media-library-service-media/6a95b9ce-ba2f-46da-a5f8-82593670f6eb.__CR0,0,1464,600_PT0_SX1464_V1___.png",mid-range,~$107,best cooler for car camping family,,,,,
camping-in-california-for-beginners,LIGHTING,Lighting,FILLED,fwc-lantern-consciot,Consciot LED Camping Lantern (2-pack),B082HD5JDH,https://www.amazon.com/dp/B082HD5JDH?tag=trailsteadgui-20,https://m.media-amazon.com/images/I/71ATGzY0CUL._AC_SL1500_.jpg,budget,~$30,best camping lantern beginner,,,,,
camping-in-california-for-beginners,LIGHTING,Lighting,FILLED,headlamp-family,Black Diamond Spot 400,B09NQK2581,https://www.amazon.com/dp/B09NQK2581?tag=trailsteadgui-20,https://m.media-amazon.com/images/I/81sGcNXb1eL._AC_SL1500_.jpg,mid-range,~$50,best camping lantern beginner,,,,,
camping-in-california-for-beginners,CHAIR,Chair,FILLED,fwc-chair-gci-rocker,GCI Outdoor Freestyle Rocker,B00D4JYR62,https://www.amazon.com/dp/B00D4JYR62?tag=trailsteadgui-20,https://m.media-amazon.com/images/I/71O4-VrNP3L._AC_SL1000_.jpg,mid-range,~$80,best camping chair family,,,,,
camping-in-california-for-beginners,CANOPY,Canopy / shade,FILLED,canopy-camp,CORE 10×10 Instant Pop-Up Canopy,B01E45EYJY,https://www.amazon.com/dp/B01E45EYJY?tag=trailsteadgui-20,https://m.media-amazon.com/images/I/610Y31VdNIL._AC_.jpg,,~$130,best pop up canopy camping shade,,,,,
camping-in-california-for-beginners,HOT_GEAR,Hot-weather gear,EMPTY,,,,,,,,best tent fan summer camping,,,,,Needs research — fill candidate_* columns
camping-in-california-for-beginners,KID_GEAR,Kid-specific gear,EMPTY,,,,,,,,kids camping gear sleeping bag headlamp,,,,,Needs research — fill candidate_* columns
camping-in-california-for-beginners,SAFETY,Safety / first aid,EMPTY,,,,,,,,best first aid kit camping family,,,,,Needs research — fill candidate_* columns
camping-in-colorado-for-beginners,TENT,Tent,FILLED,fwc-tent-sundome,Coleman Sundome 4-Person,B0D7QHY574,https://www.amazon.com/dp/B0D7QHY574?tag=trailsteadgui-20,https://images-na.ssl-images-amazon.com/images/P/B0D7QHY574.01.L.jpg,budget,~$116,best family tent first-time camping,,,,,
camping-in-colorado-for-beginners,SLEEP_BAG,Sleeping bag,FILLED,sleeping-bag-family,Kelty Tuck 20,B07H99CMNP,https://www.amazon.com/dp/B07H99CMNP?tag=trailsteadgui-20,"https://m.media-amazon.com/images/S/aplus-media/vc/94b627ff-60b3-4f09-af91-225e2a7b114d._CR0,0,970,300_PT0_SX970__.jpg",mid-range,~$95,best 3-season sleeping bag car camping,,,,,
camping-in-colorado-for-beginners,SLEEP_SURFACE,Sleep surface,FILLED,sleeping-pad-air,TETON Sports ComfortLite,B00HC9QTO8,https://www.amazon.com/dp/B00HC9QTO8?tag=trailsteadgui-20,https://m.media-amazon.com/images/I/71AVJB+xn6L._AC_SL1500_.jpg,mid-range,~$75,best sleeping pad family car camping,,,,,
camping-in-colorado-for-beginners,STOVE,Stove,FILLED,fwc-stove-coleman-1burner,Coleman 1-Burner Propane Stove,B0009PUR5E,https://www.amazon.com/dp/B0009PUR5E?tag=trailsteadgui-20,https://m.media-amazon.com/images/I/81aj95-ouRL._AC_SL1500_.jpg,budget,~$40,best 2 burner propane stove car camping,,,,,
camping-in-colorado-for-beginners,COOLER,Cooler,FILLED,fwc-cooler-rolling,Coleman Classic Rolling Cooler,B08LMVJJ9Q,https://www.amazon.com/dp/B08LMVJJ9Q?tag=trailsteadgui-20,"https://m.media-amazon.com/images/S/aplus-media-library-service-media/6a95b9ce-ba2f-46da-a5f8-82593670f6eb.__CR0,0,1464,600_PT0_SX1464_V1___.png",mid-range,~$107,best cooler for car camping family,,,,,
camping-in-colorado-for-beginners,LIGHTING,Lighting,FILLED,fwc-lantern-consciot,Consciot LED Camping Lantern (2-pack),B082HD5JDH,https://www.amazon.com/dp/B082HD5JDH?tag=trailsteadgui-20,https://m.media-amazon.com/images/I/71ATGzY0CUL._AC_SL1500_.jpg,budget,~$30,best camping lantern beginner,,,,,
camping-in-colorado-for-beginners,LIGHTING,Lighting,FILLED,headlamp-family,Black Diamond Spot 400,B09NQK2581,https://www.amazon.com/dp/B09NQK2581?tag=trailsteadgui-20,https://m.media-amazon.com/images/I/81sGcNXb1eL._AC_SL1500_.jpg,mid-range,~$50,best camping lantern beginner,,,,,
camping-in-colorado-for-beginners,CHAIR,Chair,FILLED,fwc-chair-gci-rocker,GCI Outdoor Freestyle Rocker,B00D4JYR62,https://www.amazon.com/dp/B00D4JYR62?tag=trailsteadgui-20,https://m.media-amazon.com/images/I/71O4-VrNP3L._AC_SL1000_.jpg,mid-range,~$80,best camping chair family,,,,,
camping-in-colorado-for-beginners,KID_GEAR,Kid-specific gear,EMPTY,,,,,,,,kids camping gear sleeping bag headlamp,,,,,Needs research — fill candidate_* columns
camping-in-colorado-for-beginners,SAFETY,Safety / first aid,EMPTY,,,,,,,,best first aid kit camping family,,,,,Needs research — fill candidate_* columns
camping-in-florida-for-beginners,TENT,Tent,FILLED,fwc-tent-sundome,Coleman Sundome 4-Person,B0D7QHY574,https://www.amazon.com/dp/B0D7QHY574?tag=trailsteadgui-20,https://images-na.ssl-images-amazon.com/images/P/B0D7QHY574.01.L.jpg,budget,~$116,best family tent first-time camping,,,,,
camping-in-florida-for-beginners,SLEEP_BAG,Sleeping bag,EMPTY,,,,,,,,best 3-season sleeping bag car camping,,,,,Needs research — fill candidate_* columns
camping-in-florida-for-beginners,SLEEP_SURFACE,Sleep surface,EMPTY,,,,,,,,best sleeping pad family car camping,,,,,Needs research — fill candidate_* columns
camping-in-florida-for-beginners,STOVE,Stove,FILLED,fwc-stove-coleman-1burner,Coleman 1-Burner Propane Stove,B0009PUR5E,https://www.amazon.com/dp/B0009PUR5E?tag=trailsteadgui-20,https://m.media-amazon.com/images/I/81aj95-ouRL._AC_SL1500_.jpg,budget,~$40,best 2 burner propane stove car camping,,,,,
camping-in-florida-for-beginners,COOLER,Cooler,FILLED,fwc-cooler-rolling,Coleman Classic Rolling Cooler,B08LMVJJ9Q,https://www.amazon.com/dp/B08LMVJJ9Q?tag=trailsteadgui-20,"https://m.media-amazon.com/images/S/aplus-media-library-service-media/6a95b9ce-ba2f-46da-a5f8-82593670f6eb.__CR0,0,1464,600_PT0_SX1464_V1___.png",mid-range,~$107,best cooler for car camping family,,,,,
camping-in-florida-for-beginners,LIGHTING,Lighting,FILLED,fwc-lantern-consciot,Consciot LED Camping Lantern (2-pack),B082HD5JDH,https://www.amazon.com/dp/B082HD5JDH?tag=trailsteadgui-20,https://m.media-amazon.com/images/I/71ATGzY0CUL._AC_SL1500_.jpg,budget,~$30,best camping lantern beginner,,,,,
camping-in-florida-for-beginners,LIGHTING,Lighting,FILLED,headlamp-family,Black Diamond Spot 400,B09NQK2581,https://www.amazon.com/dp/B09NQK2581?tag=trailsteadgui-20,https://m.media-amazon.com/images/I/81sGcNXb1eL._AC_SL1500_.jpg,mid-range,~$50,best camping lantern beginner,,,,,
camping-in-florida-for-beginners,CHAIR,Chair,FILLED,fwc-chair-gci-rocker,GCI Outdoor Freestyle Rocker,B00D4JYR62,https://www.amazon.com/dp/B00D4JYR62?tag=trailsteadgui-20,https://m.media-amazon.com/images/I/71O4-VrNP3L._AC_SL1000_.jpg,mid-range,~$80,best camping chair family,,,,,
camping-in-florida-for-beginners,CANOPY,Canopy / shade,FILLED,canopy-camp,CORE 10×10 Instant Pop-Up Canopy,B01E45EYJY,https://www.amazon.com/dp/B01E45EYJY?tag=trailsteadgui-20,https://m.media-amazon.com/images/I/610Y31VdNIL._AC_.jpg,,~$130,best pop up canopy camping shade,,,,,
camping-in-florida-for-beginners,HOT_GEAR,Hot-weather gear,EMPTY,,,,,,,,best tent fan summer camping,,,,,Needs research — fill candidate_* columns
camping-in-florida-for-beginners,KID_GEAR,Kid-specific gear,EMPTY,,,,,,,,kids camping gear sleeping bag headlamp,,,,,Needs research — fill candidate_* columns
camping-in-florida-for-beginners,SAFETY,Safety / first aid,EMPTY,,,,,,,,best first aid kit camping family,,,,,Needs research — fill candidate_* columns
camping-in-texas-for-beginners,TENT,Tent,FILLED,fwc-tent-sundome,Coleman Sundome 4-Person,B0D7QHY574,https://www.amazon.com/dp/B0D7QHY574?tag=trailsteadgui-20,https://images-na.ssl-images-amazon.com/images/P/B0D7QHY574.01.L.jpg,budget,~$116,best family tent first-time camping,,,,,
camping-in-texas-for-beginners,SLEEP_BAG,Sleeping bag,EMPTY,,,,,,,,best 3-season sleeping bag car camping,,,,,Needs research — fill candidate_* columns
camping-in-texas-for-beginners,SLEEP_SURFACE,Sleep surface,EMPTY,,,,,,,,best sleeping pad family car camping,,,,,Needs research — fill candidate_* columns
camping-in-texas-for-beginners,STOVE,Stove,FILLED,fwc-stove-coleman-1burner,Coleman 1-Burner Propane Stove,B0009PUR5E,https://www.amazon.com/dp/B0009PUR5E?tag=trailsteadgui-20,https://m.media-amazon.com/images/I/81aj95-ouRL._AC_SL1500_.jpg,budget,~$40,best 2 burner propane stove car camping,,,,,
camping-in-texas-for-beginners,COOLER,Cooler,FILLED,fwc-cooler-rolling,Coleman Classic Rolling Cooler,B08LMVJJ9Q,https://www.amazon.com/dp/B08LMVJJ9Q?tag=trailsteadgui-20,"https://m.media-amazon.com/images/S/aplus-media-library-service-media/6a95b9ce-ba2f-46da-a5f8-82593670f6eb.__CR0,0,1464,600_PT0_SX1464_V1___.png",mid-range,~$107,best cooler for car camping family,,,,,
camping-in-texas-for-beginners,LIGHTING,Lighting,FILLED,fwc-lantern-consciot,Consciot LED Camping Lantern (2-pack),B082HD5JDH,https://www.amazon.com/dp/B082HD5JDH?tag=trailsteadgui-20,https://m.media-amazon.com/images/I/71ATGzY0CUL._AC_SL1500_.jpg,budget,~$30,best camping lantern beginner,,,,,
camping-in-texas-for-beginners,LIGHTING,Lighting,FILLED,headlamp-family,Black Diamond Spot 400,B09NQK2581,https://www.amazon.com/dp/B09NQK2581?tag=trailsteadgui-20,https://m.media-amazon.com/images/I/81sGcNXb1eL._AC_SL1500_.jpg,mid-range,~$50,best camping lantern beginner,,,,,
camping-in-texas-for-beginners,CHAIR,Chair,FILLED,fwc-chair-gci-rocker,GCI Outdoor Freestyle Rocker,B00D4JYR62,https://www.amazon.com/dp/B00D4JYR62?tag=trailsteadgui-20,https://m.media-amazon.com/images/I/71O4-VrNP3L._AC_SL1000_.jpg,mid-range,~$80,best camping chair family,,,,,
camping-in-texas-for-beginners,CANOPY,Canopy / shade,FILLED,canopy-camp,CORE 10×10 Instant Pop-Up Canopy,B01E45EYJY,https://www.amazon.com/dp/B01E45EYJY?tag=trailsteadgui-20,https://m.media-amazon.com/images/I/610Y31VdNIL._AC_.jpg,,~$130,best pop up canopy camping shade,,,,,
camping-in-texas-for-beginners,HOT_GEAR,Hot-weather gear,EMPTY,,,,,,,,best tent fan summer camping,,,,,Needs research — fill candidate_* columns
camping-in-texas-for-beginners,KID_GEAR,Kid-specific gear,EMPTY,,,,,,,,kids camping gear sleeping bag headlamp,,,,,Needs research — fill candidate_* columns
camping-in-texas-for-beginners,SAFETY,Safety / first aid,EMPTY,,,,,,,,best first aid kit camping family,,,,,Needs research — fill candidate_* columns
camping-in-the-appalachians-for-beginners,TENT,Tent,FILLED,fwc-tent-sundome,Coleman Sundome 4-Person,B0D7QHY574,https://www.amazon.com/dp/B0D7QHY574?tag=trailsteadgui-20,https://images-na.ssl-images-amazon.com/images/P/B0D7QHY574.01.L.jpg,budget,~$116,best family tent first-time camping,,,,,
camping-in-the-appalachians-for-beginners,SLEEP_BAG,Sleeping bag,FILLED,sleeping-bag-family,Kelty Tuck 20,B07H99CMNP,https://www.amazon.com/dp/B07H99CMNP?tag=trailsteadgui-20,"https://m.media-amazon.com/images/S/aplus-media/vc/94b627ff-60b3-4f09-af91-225e2a7b114d._CR0,0,970,300_PT0_SX970__.jpg",mid-range,~$95,best 3-season sleeping bag car camping,,,,,
camping-in-the-appalachians-for-beginners,SLEEP_SURFACE,Sleep surface,FILLED,sleeping-pad-air,TETON Sports ComfortLite,B00HC9QTO8,https://www.amazon.com/dp/B00HC9QTO8?tag=trailsteadgui-20,https://m.media-amazon.com/images/I/71AVJB+xn6L._AC_SL1500_.jpg,mid-range,~$75,best sleeping pad family car camping,,,,,
camping-in-the-appalachians-for-beginners,STOVE,Stove,FILLED,fwc-stove-coleman-1burner,Coleman 1-Burner Propane Stove,B0009PUR5E,https://www.amazon.com/dp/B0009PUR5E?tag=trailsteadgui-20,https://m.media-amazon.com/images/I/81aj95-ouRL._AC_SL1500_.jpg,budget,~$40,best 2 burner propane stove car camping,,,,,
camping-in-the-appalachians-for-beginners,COOLER,Cooler,FILLED,fwc-cooler-rolling,Coleman Classic Rolling Cooler,B08LMVJJ9Q,https://www.amazon.com/dp/B08LMVJJ9Q?tag=trailsteadgui-20,"https://m.media-amazon.com/images/S/aplus-media-library-service-media/6a95b9ce-ba2f-46da-a5f8-82593670f6eb.__CR0,0,1464,600_PT0_SX1464_V1___.png",mid-range,~$107,best cooler for car camping family,,,,,
camping-in-the-appalachians-for-beginners,LIGHTING,Lighting,FILLED,fwc-lantern-consciot,Consciot LED Camping Lantern (2-pack),B082HD5JDH,https://www.amazon.com/dp/B082HD5JDH?tag=trailsteadgui-20,https://m.media-amazon.com/images/I/71ATGzY0CUL._AC_SL1500_.jpg,budget,~$30,best camping lantern beginner,,,,,
camping-in-the-appalachians-for-beginners,LIGHTING,Lighting,FILLED,headlamp-family,Black Diamond Spot 400,B09NQK2581,https://www.amazon.com/dp/B09NQK2581?tag=trailsteadgui-20,https://m.media-amazon.com/images/I/81sGcNXb1eL._AC_SL1500_.jpg,mid-range,~$50,best camping lantern beginner,,,,,
camping-in-the-appalachians-for-beginners,CHAIR,Chair,FILLED,fwc-chair-gci-rocker,GCI Outdoor Freestyle Rocker,B00D4JYR62,https://www.amazon.com/dp/B00D4JYR62?tag=trailsteadgui-20,https://m.media-amazon.com/images/I/71O4-VrNP3L._AC_SL1000_.jpg,mid-range,~$80,best camping chair family,,,,,
camping-in-the-appalachians-for-beginners,RAIN_GEAR,Rain gear,EMPTY,,,,,,,,best tarp setup rain camping,,,,,Needs research — fill candidate_* columns
camping-in-the-appalachians-for-beginners,KID_GEAR,Kid-specific gear,EMPTY,,,,,,,,kids camping gear sleeping bag headlamp,,,,,Needs research — fill candidate_* columns
camping-in-the-appalachians-for-beginners,SAFETY,Safety / first aid,EMPTY,,,,,,,,best first aid kit camping family,,,,,Needs research — fill candidate_* columns
camping-in-the-desert-southwest-for-beginners,TENT,Tent,FILLED,fwc-tent-sundome,Coleman Sundome 4-Person,B0D7QHY574,https://www.amazon.com/dp/B0D7QHY574?tag=trailsteadgui-20,https://images-na.ssl-images-amazon.com/images/P/B0D7QHY574.01.L.jpg,budget,~$116,best family tent first-time camping,,,,,
camping-in-the-desert-southwest-for-beginners,SLEEP_BAG,Sleeping bag,FILLED,sleeping-bag-family,Kelty Tuck 20,B07H99CMNP,https://www.amazon.com/dp/B07H99CMNP?tag=trailsteadgui-20,"https://m.media-amazon.com/images/S/aplus-media/vc/94b627ff-60b3-4f09-af91-225e2a7b114d._CR0,0,970,300_PT0_SX970__.jpg",mid-range,~$95,best 3-season sleeping bag car camping,,,,,
camping-in-the-desert-southwest-for-beginners,SLEEP_SURFACE,Sleep surface,FILLED,sleeping-pad-air,TETON Sports ComfortLite,B00HC9QTO8,https://www.amazon.com/dp/B00HC9QTO8?tag=trailsteadgui-20,https://m.media-amazon.com/images/I/71AVJB+xn6L._AC_SL1500_.jpg,mid-range,~$75,best sleeping pad family car camping,,,,,
camping-in-the-desert-southwest-for-beginners,STOVE,Stove,FILLED,fwc-stove-coleman-1burner,Coleman 1-Burner Propane Stove,B0009PUR5E,https://www.amazon.com/dp/B0009PUR5E?tag=trailsteadgui-20,https://m.media-amazon.com/images/I/81aj95-ouRL._AC_SL1500_.jpg,budget,~$40,best 2 burner propane stove car camping,,,,,
camping-in-the-desert-southwest-for-beginners,COOLER,Cooler,FILLED,fwc-cooler-rolling,Coleman Classic Rolling Cooler,B08LMVJJ9Q,https://www.amazon.com/dp/B08LMVJJ9Q?tag=trailsteadgui-20,"https://m.media-amazon.com/images/S/aplus-media-library-service-media/6a95b9ce-ba2f-46da-a5f8-82593670f6eb.__CR0,0,1464,600_PT0_SX1464_V1___.png",mid-range,~$107,best cooler for car camping family,,,,,
camping-in-the-desert-southwest-for-beginners,LIGHTING,Lighting,FILLED,fwc-lantern-consciot,Consciot LED Camping Lantern (2-pack),B082HD5JDH,https://www.amazon.com/dp/B082HD5JDH?tag=trailsteadgui-20,https://m.media-amazon.com/images/I/71ATGzY0CUL._AC_SL1500_.jpg,budget,~$30,best camping lantern beginner,,,,,
camping-in-the-desert-southwest-for-beginners,LIGHTING,Lighting,FILLED,headlamp-family,Black Diamond Spot 400,B09NQK2581,https://www.amazon.com/dp/B09NQK2581?tag=trailsteadgui-20,https://m.media-amazon.com/images/I/81sGcNXb1eL._AC_SL1500_.jpg,mid-range,~$50,best camping lantern beginner,,,,,
camping-in-the-desert-southwest-for-beginners,CHAIR,Chair,FILLED,fwc-chair-gci-rocker,GCI Outdoor Freestyle Rocker,B00D4JYR62,https://www.amazon.com/dp/B00D4JYR62?tag=trailsteadgui-20,https://m.media-amazon.com/images/I/71O4-VrNP3L._AC_SL1000_.jpg,mid-range,~$80,best camping chair family,,,,,
camping-in-the-desert-southwest-for-beginners,CANOPY,Canopy / shade,FILLED,canopy-camp,CORE 10×10 Instant Pop-Up Canopy,B01E45EYJY,https://www.amazon.com/dp/B01E45EYJY?tag=trailsteadgui-20,https://m.media-amazon.com/images/I/610Y31VdNIL._AC_.jpg,,~$130,best pop up canopy camping shade,,,,,
camping-in-the-desert-southwest-for-beginners,HOT_GEAR,Hot-weather gear,EMPTY,,,,,,,,best tent fan summer camping,,,,,Needs research — fill candidate_* columns
camping-in-the-desert-southwest-for-beginners,KID_GEAR,Kid-specific gear,EMPTY,,,,,,,,kids camping gear sleeping bag headlamp,,,,,Needs research — fill candidate_* columns
camping-in-the-desert-southwest-for-beginners,SAFETY,Safety / first aid,EMPTY,,,,,,,,best first aid kit camping family,,,,,Needs research — fill candidate_* columns
camping-in-the-northeast-for-beginners,TENT,Tent,FILLED,fwc-tent-sundome,Coleman Sundome 4-Person,B0D7QHY574,https://www.amazon.com/dp/B0D7QHY574?tag=trailsteadgui-20,https://images-na.ssl-images-amazon.com/images/P/B0D7QHY574.01.L.jpg,budget,~$116,best family tent first-time camping,,,,,
camping-in-the-northeast-for-beginners,SLEEP_BAG,Sleeping bag,FILLED,sleeping-bag-family,Kelty Tuck 20,B07H99CMNP,https://www.amazon.com/dp/B07H99CMNP?tag=trailsteadgui-20,"https://m.media-amazon.com/images/S/aplus-media/vc/94b627ff-60b3-4f09-af91-225e2a7b114d._CR0,0,970,300_PT0_SX970__.jpg",mid-range,~$95,best 3-season sleeping bag car camping,,,,,
camping-in-the-northeast-for-beginners,SLEEP_SURFACE,Sleep surface,FILLED,sleeping-pad-air,TETON Sports ComfortLite,B00HC9QTO8,https://www.amazon.com/dp/B00HC9QTO8?tag=trailsteadgui-20,https://m.media-amazon.com/images/I/71AVJB+xn6L._AC_SL1500_.jpg,mid-range,~$75,best sleeping pad family car camping,,,,,
camping-in-the-northeast-for-beginners,STOVE,Stove,FILLED,fwc-stove-coleman-1burner,Coleman 1-Burner Propane Stove,B0009PUR5E,https://www.amazon.com/dp/B0009PUR5E?tag=trailsteadgui-20,https://m.media-amazon.com/images/I/81aj95-ouRL._AC_SL1500_.jpg,budget,~$40,best 2 burner propane stove car camping,,,,,
camping-in-the-northeast-for-beginners,COOLER,Cooler,FILLED,fwc-cooler-rolling,Coleman Classic Rolling Cooler,B08LMVJJ9Q,https://www.amazon.com/dp/B08LMVJJ9Q?tag=trailsteadgui-20,"https://m.media-amazon.com/images/S/aplus-media-library-service-media/6a95b9ce-ba2f-46da-a5f8-82593670f6eb.__CR0,0,1464,600_PT0_SX1464_V1___.png",mid-range,~$107,best cooler for car camping family,,,,,
camping-in-the-northeast-for-beginners,LIGHTING,Lighting,FILLED,fwc-lantern-consciot,Consciot LED Camping Lantern (2-pack),B082HD5JDH,https://www.amazon.com/dp/B082HD5JDH?tag=trailsteadgui-20,https://m.media-amazon.com/images/I/71ATGzY0CUL._AC_SL1500_.jpg,budget,~$30,best camping lantern beginner,,,,,
camping-in-the-northeast-for-beginners,LIGHTING,Lighting,FILLED,headlamp-family,Black Diamond Spot 400,B09NQK2581,https://www.amazon.com/dp/B09NQK2581?tag=trailsteadgui-20,https://m.media-amazon.com/images/I/81sGcNXb1eL._AC_SL1500_.jpg,mid-range,~$50,best camping lantern beginner,,,,,
camping-in-the-northeast-for-beginners,CHAIR,Chair,FILLED,fwc-chair-gci-rocker,GCI Outdoor Freestyle Rocker,B00D4JYR62,https://www.amazon.com/dp/B00D4JYR62?tag=trailsteadgui-20,https://m.media-amazon.com/images/I/71O4-VrNP3L._AC_SL1000_.jpg,mid-range,~$80,best camping chair family,,,,,
camping-in-the-northeast-for-beginners,RAIN_GEAR,Rain gear,EMPTY,,,,,,,,best tarp setup rain camping,,,,,Needs research — fill candidate_* columns
camping-in-the-northeast-for-beginners,KID_GEAR,Kid-specific gear,EMPTY,,,,,,,,kids camping gear sleeping bag headlamp,,,,,Needs research — fill candidate_* columns
camping-in-the-northeast-for-beginners,SAFETY,Safety / first aid,EMPTY,,,,,,,,best first aid kit camping family,,,,,Needs research — fill candidate_* columns
camping-in-the-pacific-northwest-for-beginners,TENT,Tent,FILLED,fwc-tent-sundome,Coleman Sundome 4-Person,B0D7QHY574,https://www.amazon.com/dp/B0D7QHY574?tag=trailsteadgui-20,https://images-na.ssl-images-amazon.com/images/P/B0D7QHY574.01.L.jpg,budget,~$116,best family tent first-time camping,,,,,
camping-in-the-pacific-northwest-for-beginners,SLEEP_BAG,Sleeping bag,FILLED,sleeping-bag-family,Kelty Tuck 20,B07H99CMNP,https://www.amazon.com/dp/B07H99CMNP?tag=trailsteadgui-20,"https://m.media-amazon.com/images/S/aplus-media/vc/94b627ff-60b3-4f09-af91-225e2a7b114d._CR0,0,970,300_PT0_SX970__.jpg",mid-range,~$95,best 3-season sleeping bag car camping,,,,,
camping-in-the-pacific-northwest-for-beginners,SLEEP_SURFACE,Sleep surface,FILLED,sleeping-pad-air,TETON Sports ComfortLite,B00HC9QTO8,https://www.amazon.com/dp/B00HC9QTO8?tag=trailsteadgui-20,https://m.media-amazon.com/images/I/71AVJB+xn6L._AC_SL1500_.jpg,mid-range,~$75,best sleeping pad family car camping,,,,,
camping-in-the-pacific-northwest-for-beginners,STOVE,Stove,FILLED,fwc-stove-coleman-1burner,Coleman 1-Burner Propane Stove,B0009PUR5E,https://www.amazon.com/dp/B0009PUR5E?tag=trailsteadgui-20,https://m.media-amazon.com/images/I/81aj95-ouRL._AC_SL1500_.jpg,budget,~$40,best 2 burner propane stove car camping,,,,,
camping-in-the-pacific-northwest-for-beginners,COOLER,Cooler,FILLED,fwc-cooler-rolling,Coleman Classic Rolling Cooler,B08LMVJJ9Q,https://www.amazon.com/dp/B08LMVJJ9Q?tag=trailsteadgui-20,"https://m.media-amazon.com/images/S/aplus-media-library-service-media/6a95b9ce-ba2f-46da-a5f8-82593670f6eb.__CR0,0,1464,600_PT0_SX1464_V1___.png",mid-range,~$107,best cooler for car camping family,,,,,
camping-in-the-pacific-northwest-for-beginners,LIGHTING,Lighting,FILLED,fwc-lantern-consciot,Consciot LED Camping Lantern (2-pack),B082HD5JDH,https://www.amazon.com/dp/B082HD5JDH?tag=trailsteadgui-20,https://m.media-amazon.com/images/I/71ATGzY0CUL._AC_SL1500_.jpg,budget,~$30,best camping lantern beginner,,,,,
camping-in-the-pacific-northwest-for-beginners,LIGHTING,Lighting,FILLED,headlamp-family,Black Diamond Spot 400,B09NQK2581,https://www.amazon.com/dp/B09NQK2581?tag=trailsteadgui-20,https://m.media-amazon.com/images/I/81sGcNXb1eL._AC_SL1500_.jpg,mid-range,~$50,best camping lantern beginner,,,,,
camping-in-the-pacific-northwest-for-beginners,CHAIR,Chair,FILLED,fwc-chair-gci-rocker,GCI Outdoor Freestyle Rocker,B00D4JYR62,https://www.amazon.com/dp/B00D4JYR62?tag=trailsteadgui-20,https://m.media-amazon.com/images/I/71O4-VrNP3L._AC_SL1000_.jpg,mid-range,~$80,best camping chair family,,,,,
camping-in-the-pacific-northwest-for-beginners,RAIN_GEAR,Rain gear,EMPTY,,,,,,,,best tarp setup rain camping,,,,,Needs research — fill candidate_* columns
camping-in-the-pacific-northwest-for-beginners,KID_GEAR,Kid-specific gear,EMPTY,,,,,,,,kids camping gear sleeping bag headlamp,,,,,Needs research — fill candidate_* columns
camping-in-the-pacific-northwest-for-beginners,SAFETY,Safety / first aid,EMPTY,,,,,,,,best first aid kit camping family,,,,,Needs research — fill candidate_* columns
camping-when-the-weather-turns,TENT,Tent,FILLED,fwc-tent-sundome,Coleman Sundome 4-Person,B0D7QHY574,https://www.amazon.com/dp/B0D7QHY574?tag=trailsteadgui-20,https://images-na.ssl-images-amazon.com/images/P/B0D7QHY574.01.L.jpg,budget,~$116,best family tent first-time camping,,,,,
camping-when-the-weather-turns,SLEEP_BAG,Sleeping bag,FILLED,sleeping-bag-family,Kelty Tuck 20,B07H99CMNP,https://www.amazon.com/dp/B07H99CMNP?tag=trailsteadgui-20,"https://m.media-amazon.com/images/S/aplus-media/vc/94b627ff-60b3-4f09-af91-225e2a7b114d._CR0,0,970,300_PT0_SX970__.jpg",mid-range,~$95,best 3-season sleeping bag car camping,,,,,
camping-when-the-weather-turns,SLEEP_SURFACE,Sleep surface,FILLED,sleeping-pad-air,TETON Sports ComfortLite,B00HC9QTO8,https://www.amazon.com/dp/B00HC9QTO8?tag=trailsteadgui-20,https://m.media-amazon.com/images/I/71AVJB+xn6L._AC_SL1500_.jpg,mid-range,~$75,best sleeping pad family car camping,,,,,
camping-when-the-weather-turns,STOVE,Stove,FILLED,fwc-stove-coleman-1burner,Coleman 1-Burner Propane Stove,B0009PUR5E,https://www.amazon.com/dp/B0009PUR5E?tag=trailsteadgui-20,https://m.media-amazon.com/images/I/81aj95-ouRL._AC_SL1500_.jpg,budget,~$40,best 2 burner propane stove car camping,,,,,
camping-when-the-weather-turns,COOLER,Cooler,FILLED,fwc-cooler-rolling,Coleman Classic Rolling Cooler,B08LMVJJ9Q,https://www.amazon.com/dp/B08LMVJJ9Q?tag=trailsteadgui-20,"https://m.media-amazon.com/images/S/aplus-media-library-service-media/6a95b9ce-ba2f-46da-a5f8-82593670f6eb.__CR0,0,1464,600_PT0_SX1464_V1___.png",mid-range,~$107,best cooler for car camping family,,,,,
camping-when-the-weather-turns,LIGHTING,Lighting,FILLED,fwc-lantern-consciot,Consciot LED Camping Lantern (2-pack),B082HD5JDH,https://www.amazon.com/dp/B082HD5JDH?tag=trailsteadgui-20,https://m.media-amazon.com/images/I/71ATGzY0CUL._AC_SL1500_.jpg,budget,~$30,best camping lantern beginner,,,,,
camping-when-the-weather-turns,LIGHTING,Lighting,FILLED,headlamp-family,Black Diamond Spot 400,B09NQK2581,https://www.amazon.com/dp/B09NQK2581?tag=trailsteadgui-20,https://m.media-amazon.com/images/I/81sGcNXb1eL._AC_SL1500_.jpg,mid-range,~$50,best camping lantern beginner,,,,,
camping-when-the-weather-turns,CHAIR,Chair,FILLED,fwc-chair-gci-rocker,GCI Outdoor Freestyle Rocker,B00D4JYR62,https://www.amazon.com/dp/B00D4JYR62?tag=trailsteadgui-20,https://m.media-amazon.com/images/I/71O4-VrNP3L._AC_SL1000_.jpg,mid-range,~$80,best camping chair family,,,,,
camping-when-the-weather-turns,RAIN_GEAR,Rain gear,EMPTY,,,,,,,,best tarp setup rain camping,,,,,Needs research — fill candidate_* columns
camping-when-the-weather-turns,WINTER_GEAR,Cold-weather gear,EMPTY,,,,,,,,winter car camping sleeping bag 0 degree,,,,,Needs research — fill candidate_* columns
camping-when-the-weather-turns,KID_GEAR,Kid-specific gear,EMPTY,,,,,,,,kids camping gear sleeping bag headlamp,,,,,Needs research — fill candidate_* columns
camping-when-the-weather-turns,SAFETY,Safety / first aid,EMPTY,,,,,,,,best first aid kit camping family,,,,,Needs research — fill candidate_* columns
camping-with-dogs-first-time,TENT,Tent,FILLED,fwc-tent-sundome,Coleman Sundome 4-Person,B0D7QHY574,https://www.amazon.com/dp/B0D7QHY574?tag=trailsteadgui-20,https://images-na.ssl-images-amazon.com/images/P/B0D7QHY574.01.L.jpg,budget,~$116,best family tent first-time camping,,,,,
camping-with-dogs-first-time,SLEEP_BAG,Sleeping bag,FILLED,sleeping-bag-family,Kelty Tuck 20,B07H99CMNP,https://www.amazon.com/dp/B07H99CMNP?tag=trailsteadgui-20,"https://m.media-amazon.com/images/S/aplus-media/vc/94b627ff-60b3-4f09-af91-225e2a7b114d._CR0,0,970,300_PT0_SX970__.jpg",mid-range,~$95,best 3-season sleeping bag car camping,,,,,
camping-with-dogs-first-time,SLEEP_SURFACE,Sleep surface,FILLED,sleeping-pad-air,TETON Sports ComfortLite,B00HC9QTO8,https://www.amazon.com/dp/B00HC9QTO8?tag=trailsteadgui-20,https://m.media-amazon.com/images/I/71AVJB+xn6L._AC_SL1500_.jpg,mid-range,~$75,best sleeping pad family car camping,,,,,
camping-with-dogs-first-time,STOVE,Stove,FILLED,fwc-stove-coleman-1burner,Coleman 1-Burner Propane Stove,B0009PUR5E,https://www.amazon.com/dp/B0009PUR5E?tag=trailsteadgui-20,https://m.media-amazon.com/images/I/81aj95-ouRL._AC_SL1500_.jpg,budget,~$40,best 2 burner propane stove car camping,,,,,
camping-with-dogs-first-time,COOLER,Cooler,FILLED,fwc-cooler-rolling,Coleman Classic Rolling Cooler,B08LMVJJ9Q,https://www.amazon.com/dp/B08LMVJJ9Q?tag=trailsteadgui-20,"https://m.media-amazon.com/images/S/aplus-media-library-service-media/6a95b9ce-ba2f-46da-a5f8-82593670f6eb.__CR0,0,1464,600_PT0_SX1464_V1___.png",mid-range,~$107,best cooler for car camping family,,,,,
camping-with-dogs-first-time,LIGHTING,Lighting,FILLED,fwc-lantern-consciot,Consciot LED Camping Lantern (2-pack),B082HD5JDH,https://www.amazon.com/dp/B082HD5JDH?tag=trailsteadgui-20,https://m.media-amazon.com/images/I/71ATGzY0CUL._AC_SL1500_.jpg,budget,~$30,best camping lantern beginner,,,,,
camping-with-dogs-first-time,LIGHTING,Lighting,FILLED,headlamp-family,Black Diamond Spot 400,B09NQK2581,https://www.amazon.com/dp/B09NQK2581?tag=trailsteadgui-20,https://m.media-amazon.com/images/I/81sGcNXb1eL._AC_SL1500_.jpg,mid-range,~$50,best camping lantern beginner,,,,,
camping-with-dogs-first-time,CHAIR,Chair,FILLED,fwc-chair-gci-rocker,GCI Outdoor Freestyle Rocker,B00D4JYR62,https://www.amazon.com/dp/B00D4JYR62?tag=trailsteadgui-20,https://m.media-amazon.com/images/I/71O4-VrNP3L._AC_SL1000_.jpg,mid-range,~$80,best camping chair family,,,,,
camping-with-dogs-first-time,DOG_GEAR,Dog gear,EMPTY,,,,,,,,dog camping gear tie out water bowl,,,,,Needs research — fill candidate_* columns
camping-with-dogs-first-time,KID_GEAR,Kid-specific gear,EMPTY,,,,,,,,kids camping gear sleeping bag headlamp,,,,,Needs research — fill candidate_* columns
camping-with-dogs-first-time,SAFETY,Safety / first aid,EMPTY,,,,,,,,best first aid kit camping family,,,,,Needs research — fill candidate_* columns
camping-with-kids-first-time,TENT,Tent,EMPTY,,,,,,,,best family tent first-time camping,,,,,Needs research — fill candidate_* columns
camping-with-kids-first-time,SLEEP_BAG,Sleeping bag,EMPTY,,,,,,,,best 3-season sleeping bag car camping,,,,,Needs research — fill candidate_* columns
camping-with-kids-first-time,SLEEP_SURFACE,Sleep surface,EMPTY,,,,,,,,best sleeping pad family car camping,,,,,Needs research — fill candidate_* columns
camping-with-kids-first-time,STOVE,Stove,EMPTY,,,,,,,,best 2 burner propane stove car camping,,,,,Needs research — fill candidate_* columns
camping-with-kids-first-time,COOLER,Cooler,EMPTY,,,,,,,,best cooler for car camping family,,,,,Needs research — fill candidate_* columns
camping-with-kids-first-time,LIGHTING,Lighting,EMPTY,,,,,,,,best camping lantern beginner,,,,,Needs research — fill candidate_* columns
camping-with-kids-first-time,CHAIR,Chair,EMPTY,,,,,,,,best camping chair family,,,,,Needs research — fill candidate_* columns
camping-with-kids-first-time,KID_GEAR,Kid-specific gear,EMPTY,,,,,,,,kids camping gear sleeping bag headlamp,,,,,Needs research — fill candidate_* columns
camping-with-kids-first-time,SAFETY,Safety / first aid,EMPTY,,,,,,,,best first aid kit camping family,,,,,Needs research — fill candidate_* columns
car-camping-beginner-guide,TENT,Tent,EMPTY,,,,,,,,best family tent first-time camping,,,,,Needs research — fill candidate_* columns
car-camping-beginner-guide,SLEEP_BAG,Sleeping bag,EMPTY,,,,,,,,best 3-season sleeping bag car camping,,,,,Needs research — fill candidate_* columns
car-camping-beginner-guide,SLEEP_SURFACE,Sleep surface,EMPTY,,,,,,,,best sleeping pad family car camping,,,,,Needs research — fill candidate_* columns
car-camping-beginner-guide,STOVE,Stove,EMPTY,,,,,,,,best 2 burner propane stove car camping,,,,,Needs research — fill candidate_* columns
car-camping-beginner-guide,COOLER,Cooler,EMPTY,,,,,,,,best cooler for car camping family,,,,,Needs research — fill candidate_* columns
car-camping-beginner-guide,LIGHTING,Lighting,EMPTY,,,,,,,,best camping lantern beginner,,,,,Needs research — fill candidate_* columns
car-camping-beginner-guide,CHAIR,Chair,EMPTY,,,,,,,,best camping chair family,,,,,Needs research — fill candidate_* columns
car-camping-beginner-guide,KID_GEAR,Kid-specific gear,EMPTY,,,,,,,,kids camping gear sleeping bag headlamp,,,,,Needs research — fill candidate_* columns
car-camping-beginner-guide,SAFETY,Safety / first aid,EMPTY,,,,,,,,best first aid kit camping family,,,,,Needs research — fill candidate_* columns
fall-camping-for-beginners,TENT,Tent,FILLED,fwc-tent-sundome,Coleman Sundome 4-Person,B0D7QHY574,https://www.amazon.com/dp/B0D7QHY574?tag=trailsteadgui-20,https://images-na.ssl-images-amazon.com/images/P/B0D7QHY574.01.L.jpg,budget,~$116,best family tent first-time camping,,,,,
fall-camping-for-beginners,SLEEP_BAG,Sleeping bag,FILLED,sleeping-bag-family,Kelty Tuck 20,B07H99CMNP,https://www.amazon.com/dp/B07H99CMNP?tag=trailsteadgui-20,"https://m.media-amazon.com/images/S/aplus-media/vc/94b627ff-60b3-4f09-af91-225e2a7b114d._CR0,0,970,300_PT0_SX970__.jpg",mid-range,~$95,best 3-season sleeping bag car camping,,,,,
fall-camping-for-beginners,SLEEP_SURFACE,Sleep surface,FILLED,sleeping-pad-air,TETON Sports ComfortLite,B00HC9QTO8,https://www.amazon.com/dp/B00HC9QTO8?tag=trailsteadgui-20,https://m.media-amazon.com/images/I/71AVJB+xn6L._AC_SL1500_.jpg,mid-range,~$75,best sleeping pad family car camping,,,,,
fall-camping-for-beginners,STOVE,Stove,FILLED,fwc-stove-coleman-1burner,Coleman 1-Burner Propane Stove,B0009PUR5E,https://www.amazon.com/dp/B0009PUR5E?tag=trailsteadgui-20,https://m.media-amazon.com/images/I/81aj95-ouRL._AC_SL1500_.jpg,budget,~$40,best 2 burner propane stove car camping,,,,,
fall-camping-for-beginners,COOLER,Cooler,FILLED,fwc-cooler-rolling,Coleman Classic Rolling Cooler,B08LMVJJ9Q,https://www.amazon.com/dp/B08LMVJJ9Q?tag=trailsteadgui-20,"https://m.media-amazon.com/images/S/aplus-media-library-service-media/6a95b9ce-ba2f-46da-a5f8-82593670f6eb.__CR0,0,1464,600_PT0_SX1464_V1___.png",mid-range,~$107,best cooler for car camping family,,,,,
fall-camping-for-beginners,LIGHTING,Lighting,FILLED,fwc-lantern-consciot,Consciot LED Camping Lantern (2-pack),B082HD5JDH,https://www.amazon.com/dp/B082HD5JDH?tag=trailsteadgui-20,https://m.media-amazon.com/images/I/71ATGzY0CUL._AC_SL1500_.jpg,budget,~$30,best camping lantern beginner,,,,,
fall-camping-for-beginners,LIGHTING,Lighting,FILLED,headlamp-family,Black Diamond Spot 400,B09NQK2581,https://www.amazon.com/dp/B09NQK2581?tag=trailsteadgui-20,https://m.media-amazon.com/images/I/81sGcNXb1eL._AC_SL1500_.jpg,mid-range,~$50,best camping lantern beginner,,,,,
fall-camping-for-beginners,CHAIR,Chair,FILLED,fwc-chair-gci-rocker,GCI Outdoor Freestyle Rocker,B00D4JYR62,https://www.amazon.com/dp/B00D4JYR62?tag=trailsteadgui-20,https://m.media-amazon.com/images/I/71O4-VrNP3L._AC_SL1000_.jpg,mid-range,~$80,best camping chair family,,,,,
fall-camping-for-beginners,WINTER_GEAR,Cold-weather gear,EMPTY,,,,,,,,winter car camping sleeping bag 0 degree,,,,,Needs research — fill candidate_* columns
fall-camping-for-beginners,KID_GEAR,Kid-specific gear,EMPTY,,,,,,,,kids camping gear sleeping bag headlamp,,,,,Needs research — fill candidate_* columns
fall-camping-for-beginners,SAFETY,Safety / first aid,EMPTY,,,,,,,,best first aid kit camping family,,,,,Needs research — fill candidate_* columns
first-camping-trip-checklist,TENT,Tent,EMPTY,,,,,,,,best family tent first-time camping,,,,,Needs research — fill candidate_* columns
first-camping-trip-checklist,SLEEP_BAG,Sleeping bag,EMPTY,,,,,,,,best 3-season sleeping bag car camping,,,,,Needs research — fill candidate_* columns
first-camping-trip-checklist,SLEEP_SURFACE,Sleep surface,EMPTY,,,,,,,,best sleeping pad family car camping,,,,,Needs research — fill candidate_* columns
first-camping-trip-checklist,STOVE,Stove,EMPTY,,,,,,,,best 2 burner propane stove car camping,,,,,Needs research — fill candidate_* columns
first-camping-trip-checklist,COOLER,Cooler,EMPTY,,,,,,,,best cooler for car camping family,,,,,Needs research — fill candidate_* columns
first-camping-trip-checklist,LIGHTING,Lighting,EMPTY,,,,,,,,best camping lantern beginner,,,,,Needs research — fill candidate_* columns
first-camping-trip-checklist,CHAIR,Chair,EMPTY,,,,,,,,best camping chair family,,,,,Needs research — fill candidate_* columns
first-camping-trip-checklist,KID_GEAR,Kid-specific gear,EMPTY,,,,,,,,kids camping gear sleeping bag headlamp,,,,,Needs research — fill candidate_* columns
first-camping-trip-checklist,SAFETY,Safety / first aid,EMPTY,,,,,,,,best first aid kit camping family,,,,,Needs research — fill candidate_* columns
first-camping-trip-checklist,POWER,Power / charging,EMPTY,,,,,,,,best power bank camping,,,,,Needs research — fill candidate_* columns
first-night-camping-guide,TENT,Tent,FILLED,fwc-tent-sundome,Coleman Sundome 4-Person,B0D7QHY574,https://www.amazon.com/dp/B0D7QHY574?tag=trailsteadgui-20,https://images-na.ssl-images-amazon.com/images/P/B0D7QHY574.01.L.jpg,budget,~$116,best family tent first-time camping,,,,,
first-night-camping-guide,SLEEP_BAG,Sleeping bag,FILLED,sleeping-bag-family,Kelty Tuck 20,B07H99CMNP,https://www.amazon.com/dp/B07H99CMNP?tag=trailsteadgui-20,"https://m.media-amazon.com/images/S/aplus-media/vc/94b627ff-60b3-4f09-af91-225e2a7b114d._CR0,0,970,300_PT0_SX970__.jpg",mid-range,~$95,best 3-season sleeping bag car camping,,,,,
first-night-camping-guide,SLEEP_SURFACE,Sleep surface,FILLED,sleeping-pad-air,TETON Sports ComfortLite,B00HC9QTO8,https://www.amazon.com/dp/B00HC9QTO8?tag=trailsteadgui-20,https://m.media-amazon.com/images/I/71AVJB+xn6L._AC_SL1500_.jpg,mid-range,~$75,best sleeping pad family car camping,,,,,
first-night-camping-guide,STOVE,Stove,FILLED,fwc-stove-coleman-1burner,Coleman 1-Burner Propane Stove,B0009PUR5E,https://www.amazon.com/dp/B0009PUR5E?tag=trailsteadgui-20,https://m.media-amazon.com/images/I/81aj95-ouRL._AC_SL1500_.jpg,budget,~$40,best 2 burner propane stove car camping,,,,,
first-night-camping-guide,COOLER,Cooler,FILLED,fwc-cooler-rolling,Coleman Classic Rolling Cooler,B08LMVJJ9Q,https://www.amazon.com/dp/B08LMVJJ9Q?tag=trailsteadgui-20,"https://m.media-amazon.com/images/S/aplus-media-library-service-media/6a95b9ce-ba2f-46da-a5f8-82593670f6eb.__CR0,0,1464,600_PT0_SX1464_V1___.png",mid-range,~$107,best cooler for car camping family,,,,,
first-night-camping-guide,LIGHTING,Lighting,FILLED,headlamp-family,Black Diamond Spot 400,B09NQK2581,https://www.amazon.com/dp/B09NQK2581?tag=trailsteadgui-20,https://m.media-amazon.com/images/I/81sGcNXb1eL._AC_SL1500_.jpg,mid-range,~$50,best camping lantern beginner,,,,,
first-night-camping-guide,LIGHTING,Lighting,FILLED,fwc-lantern-consciot,Consciot LED Camping Lantern (2-pack),B082HD5JDH,https://www.amazon.com/dp/B082HD5JDH?tag=trailsteadgui-20,https://m.media-amazon.com/images/I/71ATGzY0CUL._AC_SL1500_.jpg,budget,~$30,best camping lantern beginner,,,,,
first-night-camping-guide,CHAIR,Chair,FILLED,fwc-chair-gci-rocker,GCI Outdoor Freestyle Rocker,B00D4JYR62,https://www.amazon.com/dp/B00D4JYR62?tag=trailsteadgui-20,https://m.media-amazon.com/images/I/71O4-VrNP3L._AC_SL1000_.jpg,mid-range,~$80,best camping chair family,,,,,
first-night-camping-guide,KID_GEAR,Kid-specific gear,EMPTY,,,,,,,,kids camping gear sleeping bag headlamp,,,,,Needs research — fill candidate_* columns
first-night-camping-guide,SAFETY,Safety / first aid,EMPTY,,,,,,,,best first aid kit camping family,,,,,Needs research — fill candidate_* columns
first-time-camping-mistakes,TENT,Tent,EMPTY,,,,,,,,best family tent first-time camping,,,,,Needs research — fill candidate_* columns
first-time-camping-mistakes,SLEEP_BAG,Sleeping bag,EMPTY,,,,,,,,best 3-season sleeping bag car camping,,,,,Needs research — fill candidate_* columns
first-time-camping-mistakes,SLEEP_SURFACE,Sleep surface,EMPTY,,,,,,,,best sleeping pad family car camping,,,,,Needs research — fill candidate_* columns
first-time-camping-mistakes,STOVE,Stove,EMPTY,,,,,,,,best 2 burner propane stove car camping,,,,,Needs research — fill candidate_* columns
first-time-camping-mistakes,COOLER,Cooler,EMPTY,,,,,,,,best cooler for car camping family,,,,,Needs research — fill candidate_* columns
first-time-camping-mistakes,LIGHTING,Lighting,EMPTY,,,,,,,,best camping lantern beginner,,,,,Needs research — fill candidate_* columns
first-time-camping-mistakes,CHAIR,Chair,EMPTY,,,,,,,,best camping chair family,,,,,Needs research — fill candidate_* columns
first-time-camping-mistakes,KID_GEAR,Kid-specific gear,EMPTY,,,,,,,,kids camping gear sleeping bag headlamp,,,,,Needs research — fill candidate_* columns
first-time-camping-mistakes,SAFETY,Safety / first aid,EMPTY,,,,,,,,best first aid kit camping family,,,,,Needs research — fill candidate_* columns
how-to-plan-a-camping-trip,TENT,Tent,EMPTY,,,,,,,,best family tent first-time camping,,,,,Needs research — fill candidate_* columns
how-to-plan-a-camping-trip,SLEEP_BAG,Sleeping bag,EMPTY,,,,,,,,best 3-season sleeping bag car camping,,,,,Needs research — fill candidate_* columns
how-to-plan-a-camping-trip,SLEEP_SURFACE,Sleep surface,EMPTY,,,,,,,,best sleeping pad family car camping,,,,,Needs research — fill candidate_* columns
how-to-plan-a-camping-trip,STOVE,Stove,EMPTY,,,,,,,,best 2 burner propane stove car camping,,,,,Needs research — fill candidate_* columns
how-to-plan-a-camping-trip,COOLER,Cooler,EMPTY,,,,,,,,best cooler for car camping family,,,,,Needs research — fill candidate_* columns
how-to-plan-a-camping-trip,LIGHTING,Lighting,EMPTY,,,,,,,,best camping lantern beginner,,,,,Needs research — fill candidate_* columns
how-to-plan-a-camping-trip,CHAIR,Chair,EMPTY,,,,,,,,best camping chair family,,,,,Needs research — fill candidate_* columns
how-to-plan-a-camping-trip,KID_GEAR,Kid-specific gear,EMPTY,,,,,,,,kids camping gear sleeping bag headlamp,,,,,Needs research — fill candidate_* columns
how-to-plan-a-camping-trip,SAFETY,Safety / first aid,EMPTY,,,,,,,,best first aid kit camping family,,,,,Needs research — fill candidate_* columns
how-to-plan-a-camping-trip,POWER,Power / charging,EMPTY,,,,,,,,best power bank camping,,,,,Needs research — fill candidate_* columns
rainy-camping-trips,TENT,Tent,FILLED,fwc-tent-sundome,Coleman Sundome 4-Person,B0D7QHY574,https://www.amazon.com/dp/B0D7QHY574?tag=trailsteadgui-20,https://images-na.ssl-images-amazon.com/images/P/B0D7QHY574.01.L.jpg,budget,~$116,best family tent first-time camping,,,,,
rainy-camping-trips,SLEEP_BAG,Sleeping bag,FILLED,sleeping-bag-family,Kelty Tuck 20,B07H99CMNP,https://www.amazon.com/dp/B07H99CMNP?tag=trailsteadgui-20,"https://m.media-amazon.com/images/S/aplus-media/vc/94b627ff-60b3-4f09-af91-225e2a7b114d._CR0,0,970,300_PT0_SX970__.jpg",mid-range,~$95,best 3-season sleeping bag car camping,,,,,
rainy-camping-trips,SLEEP_SURFACE,Sleep surface,FILLED,sleeping-pad-air,TETON Sports ComfortLite,B00HC9QTO8,https://www.amazon.com/dp/B00HC9QTO8?tag=trailsteadgui-20,https://m.media-amazon.com/images/I/71AVJB+xn6L._AC_SL1500_.jpg,mid-range,~$75,best sleeping pad family car camping,,,,,
rainy-camping-trips,STOVE,Stove,FILLED,fwc-stove-coleman-1burner,Coleman 1-Burner Propane Stove,B0009PUR5E,https://www.amazon.com/dp/B0009PUR5E?tag=trailsteadgui-20,https://m.media-amazon.com/images/I/81aj95-ouRL._AC_SL1500_.jpg,budget,~$40,best 2 burner propane stove car camping,,,,,
rainy-camping-trips,COOLER,Cooler,FILLED,fwc-cooler-rolling,Coleman Classic Rolling Cooler,B08LMVJJ9Q,https://www.amazon.com/dp/B08LMVJJ9Q?tag=trailsteadgui-20,"https://m.media-amazon.com/images/S/aplus-media-library-service-media/6a95b9ce-ba2f-46da-a5f8-82593670f6eb.__CR0,0,1464,600_PT0_SX1464_V1___.png",mid-range,~$107,best cooler for car camping family,,,,,
rainy-camping-trips,LIGHTING,Lighting,FILLED,fwc-lantern-consciot,Consciot LED Camping Lantern (2-pack),B082HD5JDH,https://www.amazon.com/dp/B082HD5JDH?tag=trailsteadgui-20,https://m.media-amazon.com/images/I/71ATGzY0CUL._AC_SL1500_.jpg,budget,~$30,best camping lantern beginner,,,,,
rainy-camping-trips,LIGHTING,Lighting,FILLED,headlamp-family,Black Diamond Spot 400,B09NQK2581,https://www.amazon.com/dp/B09NQK2581?tag=trailsteadgui-20,https://m.media-amazon.com/images/I/81sGcNXb1eL._AC_SL1500_.jpg,mid-range,~$50,best camping lantern beginner,,,,,
rainy-camping-trips,CHAIR,Chair,FILLED,fwc-chair-gci-rocker,GCI Outdoor Freestyle Rocker,B00D4JYR62,https://www.amazon.com/dp/B00D4JYR62?tag=trailsteadgui-20,https://m.media-amazon.com/images/I/71O4-VrNP3L._AC_SL1000_.jpg,mid-range,~$80,best camping chair family,,,,,
rainy-camping-trips,RAIN_GEAR,Rain gear,EMPTY,,,,,,,,best tarp setup rain camping,,,,,Needs research — fill candidate_* columns
rainy-camping-trips,KID_GEAR,Kid-specific gear,EMPTY,,,,,,,,kids camping gear sleeping bag headlamp,,,,,Needs research — fill candidate_* columns
rainy-camping-trips,SAFETY,Safety / first aid,EMPTY,,,,,,,,best first aid kit camping family,,,,,Needs research — fill candidate_* columns
spring-camping-for-beginners,TENT,Tent,FILLED,fwc-tent-sundome,Coleman Sundome 4-Person,B0D7QHY574,https://www.amazon.com/dp/B0D7QHY574?tag=trailsteadgui-20,https://images-na.ssl-images-amazon.com/images/P/B0D7QHY574.01.L.jpg,budget,~$116,best family tent first-time camping,,,,,
spring-camping-for-beginners,SLEEP_BAG,Sleeping bag,FILLED,sleeping-bag-family,Kelty Tuck 20,B07H99CMNP,https://www.amazon.com/dp/B07H99CMNP?tag=trailsteadgui-20,"https://m.media-amazon.com/images/S/aplus-media/vc/94b627ff-60b3-4f09-af91-225e2a7b114d._CR0,0,970,300_PT0_SX970__.jpg",mid-range,~$95,best 3-season sleeping bag car camping,,,,,
spring-camping-for-beginners,SLEEP_SURFACE,Sleep surface,FILLED,sleeping-pad-air,TETON Sports ComfortLite,B00HC9QTO8,https://www.amazon.com/dp/B00HC9QTO8?tag=trailsteadgui-20,https://m.media-amazon.com/images/I/71AVJB+xn6L._AC_SL1500_.jpg,mid-range,~$75,best sleeping pad family car camping,,,,,
spring-camping-for-beginners,STOVE,Stove,FILLED,fwc-stove-coleman-1burner,Coleman 1-Burner Propane Stove,B0009PUR5E,https://www.amazon.com/dp/B0009PUR5E?tag=trailsteadgui-20,https://m.media-amazon.com/images/I/81aj95-ouRL._AC_SL1500_.jpg,budget,~$40,best 2 burner propane stove car camping,,,,,
spring-camping-for-beginners,COOLER,Cooler,FILLED,fwc-cooler-rolling,Coleman Classic Rolling Cooler,B08LMVJJ9Q,https://www.amazon.com/dp/B08LMVJJ9Q?tag=trailsteadgui-20,"https://m.media-amazon.com/images/S/aplus-media-library-service-media/6a95b9ce-ba2f-46da-a5f8-82593670f6eb.__CR0,0,1464,600_PT0_SX1464_V1___.png",mid-range,~$107,best cooler for car camping family,,,,,
spring-camping-for-beginners,LIGHTING,Lighting,FILLED,fwc-lantern-consciot,Consciot LED Camping Lantern (2-pack),B082HD5JDH,https://www.amazon.com/dp/B082HD5JDH?tag=trailsteadgui-20,https://m.media-amazon.com/images/I/71ATGzY0CUL._AC_SL1500_.jpg,budget,~$30,best camping lantern beginner,,,,,
spring-camping-for-beginners,LIGHTING,Lighting,FILLED,headlamp-family,Black Diamond Spot 400,B09NQK2581,https://www.amazon.com/dp/B09NQK2581?tag=trailsteadgui-20,https://m.media-amazon.com/images/I/81sGcNXb1eL._AC_SL1500_.jpg,mid-range,~$50,best camping lantern beginner,,,,,
spring-camping-for-beginners,CHAIR,Chair,FILLED,fwc-chair-gci-rocker,GCI Outdoor Freestyle Rocker,B00D4JYR62,https://www.amazon.com/dp/B00D4JYR62?tag=trailsteadgui-20,https://m.media-amazon.com/images/I/71O4-VrNP3L._AC_SL1000_.jpg,mid-range,~$80,best camping chair family,,,,,
spring-camping-for-beginners,WINTER_GEAR,Cold-weather gear,EMPTY,,,,,,,,winter car camping sleeping bag 0 degree,,,,,Needs research — fill candidate_* columns
spring-camping-for-beginners,KID_GEAR,Kid-specific gear,EMPTY,,,,,,,,kids camping gear sleeping bag headlamp,,,,,Needs research — fill candidate_* columns
spring-camping-for-beginners,SAFETY,Safety / first aid,EMPTY,,,,,,,,best first aid kit camping family,,,,,Needs research — fill candidate_* columns
summer-camping-for-beginners,TENT,Tent,FILLED,fwc-tent-sundome,Coleman Sundome 4-Person,B0D7QHY574,https://www.amazon.com/dp/B0D7QHY574?tag=trailsteadgui-20,https://images-na.ssl-images-amazon.com/images/P/B0D7QHY574.01.L.jpg,budget,~$116,best family tent first-time camping,,,,,
summer-camping-for-beginners,SLEEP_BAG,Sleeping bag,EMPTY,,,,,,,,best 3-season sleeping bag car camping,,,,,Needs research — fill candidate_* columns
summer-camping-for-beginners,SLEEP_SURFACE,Sleep surface,EMPTY,,,,,,,,best sleeping pad family car camping,,,,,Needs research — fill candidate_* columns
summer-camping-for-beginners,STOVE,Stove,FILLED,fwc-stove-coleman-1burner,Coleman 1-Burner Propane Stove,B0009PUR5E,https://www.amazon.com/dp/B0009PUR5E?tag=trailsteadgui-20,https://m.media-amazon.com/images/I/81aj95-ouRL._AC_SL1500_.jpg,budget,~$40,best 2 burner propane stove car camping,,,,,
summer-camping-for-beginners,COOLER,Cooler,FILLED,fwc-cooler-rolling,Coleman Classic Rolling Cooler,B08LMVJJ9Q,https://www.amazon.com/dp/B08LMVJJ9Q?tag=trailsteadgui-20,"https://m.media-amazon.com/images/S/aplus-media-library-service-media/6a95b9ce-ba2f-46da-a5f8-82593670f6eb.__CR0,0,1464,600_PT0_SX1464_V1___.png",mid-range,~$107,best cooler for car camping family,,,,,
summer-camping-for-beginners,LIGHTING,Lighting,FILLED,fwc-lantern-consciot,Consciot LED Camping Lantern (2-pack),B082HD5JDH,https://www.amazon.com/dp/B082HD5JDH?tag=trailsteadgui-20,https://m.media-amazon.com/images/I/71ATGzY0CUL._AC_SL1500_.jpg,budget,~$30,best camping lantern beginner,,,,,
summer-camping-for-beginners,LIGHTING,Lighting,FILLED,headlamp-family,Black Diamond Spot 400,B09NQK2581,https://www.amazon.com/dp/B09NQK2581?tag=trailsteadgui-20,https://m.media-amazon.com/images/I/81sGcNXb1eL._AC_SL1500_.jpg,mid-range,~$50,best camping lantern beginner,,,,,
summer-camping-for-beginners,CHAIR,Chair,FILLED,fwc-chair-gci-rocker,GCI Outdoor Freestyle Rocker,B00D4JYR62,https://www.amazon.com/dp/B00D4JYR62?tag=trailsteadgui-20,https://m.media-amazon.com/images/I/71O4-VrNP3L._AC_SL1000_.jpg,mid-range,~$80,best camping chair family,,,,,
summer-camping-for-beginners,CANOPY,Canopy / shade,FILLED,canopy-camp,CORE 10×10 Instant Pop-Up Canopy,B01E45EYJY,https://www.amazon.com/dp/B01E45EYJY?tag=trailsteadgui-20,https://m.media-amazon.com/images/I/610Y31VdNIL._AC_.jpg,,~$130,best pop up canopy camping shade,,,,,
summer-camping-for-beginners,HOT_GEAR,Hot-weather gear,EMPTY,,,,,,,,best tent fan summer camping,,,,,Needs research — fill candidate_* columns
summer-camping-for-beginners,KID_GEAR,Kid-specific gear,EMPTY,,,,,,,,kids camping gear sleeping bag headlamp,,,,,Needs research — fill candidate_* columns
summer-camping-for-beginners,SAFETY,Safety / first aid,EMPTY,,,,,,,,best first aid kit camping family,,,,,Needs research — fill candidate_* columns
weekend-camping-packing-list,TENT,Tent,EMPTY,,,,,,,,best family tent first-time camping,,,,,Needs research — fill candidate_* columns
weekend-camping-packing-list,SLEEP_BAG,Sleeping bag,EMPTY,,,,,,,,best 3-season sleeping bag car camping,,,,,Needs research — fill candidate_* columns
weekend-camping-packing-list,SLEEP_SURFACE,Sleep surface,EMPTY,,,,,,,,best sleeping pad family car camping,,,,,Needs research — fill candidate_* columns
weekend-camping-packing-list,STOVE,Stove,EMPTY,,,,,,,,best 2 burner propane stove car camping,,,,,Needs research — fill candidate_* columns
weekend-camping-packing-list,COOLER,Cooler,EMPTY,,,,,,,,best cooler for car camping family,,,,,Needs research — fill candidate_* columns
weekend-camping-packing-list,LIGHTING,Lighting,EMPTY,,,,,,,,best camping lantern beginner,,,,,Needs research — fill candidate_* columns
weekend-camping-packing-list,CHAIR,Chair,EMPTY,,,,,,,,best camping chair family,,,,,Needs research — fill candidate_* columns
weekend-camping-packing-list,KID_GEAR,Kid-specific gear,EMPTY,,,,,,,,kids camping gear sleeping bag headlamp,,,,,Needs research — fill candidate_* columns
weekend-camping-packing-list,SAFETY,Safety / first aid,EMPTY,,,,,,,,best first aid kit camping family,,,,,Needs research — fill candidate_* columns
weekend-camping-packing-list,POWER,Power / charging,EMPTY,,,,,,,,best power bank camping,,,,,Needs research — fill candidate_* columns
winter-camping-for-beginners,TENT,Tent,FILLED,fwc-tent-sundome,Coleman Sundome 4-Person,B0D7QHY574,https://www.amazon.com/dp/B0D7QHY574?tag=trailsteadgui-20,https://images-na.ssl-images-amazon.com/images/P/B0D7QHY574.01.L.jpg,budget,~$116,best family tent first-time camping,,,,,
winter-camping-for-beginners,SLEEP_BAG,Sleeping bag,EMPTY,,,,,,,,best 3-season sleeping bag car camping,,,,,Needs research — fill candidate_* columns
winter-camping-for-beginners,SLEEP_SURFACE,Sleep surface,EMPTY,,,,,,,,best sleeping pad family car camping,,,,,Needs research — fill candidate_* columns
winter-camping-for-beginners,STOVE,Stove,FILLED,fwc-stove-coleman-1burner,Coleman 1-Burner Propane Stove,B0009PUR5E,https://www.amazon.com/dp/B0009PUR5E?tag=trailsteadgui-20,https://m.media-amazon.com/images/I/81aj95-ouRL._AC_SL1500_.jpg,budget,~$40,best 2 burner propane stove car camping,,,,,
winter-camping-for-beginners,COOLER,Cooler,EMPTY,,,,,,,,best cooler for car camping family,,,,,Needs research — fill candidate_* columns
winter-camping-for-beginners,LIGHTING,Lighting,FILLED,fwc-lantern-consciot,Consciot LED Camping Lantern (2-pack),B082HD5JDH,https://www.amazon.com/dp/B082HD5JDH?tag=trailsteadgui-20,https://m.media-amazon.com/images/I/71ATGzY0CUL._AC_SL1500_.jpg,budget,~$30,best camping lantern beginner,,,,,
winter-camping-for-beginners,LIGHTING,Lighting,FILLED,headlamp-family,Black Diamond Spot 400,B09NQK2581,https://www.amazon.com/dp/B09NQK2581?tag=trailsteadgui-20,https://m.media-amazon.com/images/I/81sGcNXb1eL._AC_SL1500_.jpg,mid-range,~$50,best camping lantern beginner,,,,,
winter-camping-for-beginners,CHAIR,Chair,FILLED,fwc-chair-gci-rocker,GCI Outdoor Freestyle Rocker,B00D4JYR62,https://www.amazon.com/dp/B00D4JYR62?tag=trailsteadgui-20,https://m.media-amazon.com/images/I/71O4-VrNP3L._AC_SL1000_.jpg,mid-range,~$80,best camping chair family,,,,,
winter-camping-for-beginners,WINTER_GEAR,Cold-weather gear,EMPTY,,,,,,,,winter car camping sleeping bag 0 degree,,,,,Needs research — fill candidate_* columns
winter-camping-for-beginners,KID_GEAR,Kid-specific gear,EMPTY,,,,,,,,kids camping gear sleeping bag headlamp,,,,,Needs research — fill candidate_* columns
winter-camping-for-beginners,SAFETY,Safety / first aid,EMPTY,,,,,,,,best first aid kit camping family,,,,,Needs research — fill candidate_* columns
